{"cameraMode":{"drawMode":0,"name":"Shaded","section":"Shading Mode"},"sceneLighting":true,"audioPlay":false,"sceneViewState":{"showFog":true,"showMaterialUpdate":false,"showSkybox":true,"showFlares":true,"showImageEffects":true,"showParticleSystems":true,"showVisualEffectGraphs":true},"in2DMode":false,"pivot":{"x":-0.1187286376953125,"y":0.49341320991516116,"z":19.624605178833009},"rotation":{"x":-0.00970225129276514,"y":0.9883536100387573,"z":-0.07159221917390824,"w":-0.1339411735534668},"size":6.751823902130127,"orthographic":false}