{"cameraMode":{"drawMode":0,"name":"Shaded","section":"Shading Mode"},"sceneLighting":true,"audioPlay":false,"sceneViewState":{"showFog":true,"showMaterialUpdate":false,"showSkybox":true,"showFlares":true,"showImageEffects":true,"showParticleSystems":true,"showVisualEffectGraphs":true},"in2DMode":false,"pivot":{"x":-5.121647834777832,"y":0.9391168355941773,"z":9.080309867858887},"rotation":{"x":-0.00970225129276514,"y":0.9883536100387573,"z":-0.07159221917390824,"w":-0.1339411735534668},"size":8.401334762573243,"orthographic":false}